school_id,document_id,degree_id,intake_year,intake_month,college_id,department_id,catalog_route,source_page_primary_fact,written_time,subjects_and_selection,points_and_english,oral_and_review_status,candidate_state
isct,isct_2027_4_2026_9_master,master,2026,9,工学院,システム制御系,,31／00220,8/18 9:30–11:30,数学：微积分、线代、Fourier/Laplace、微分方程、概率统计；选答数未载,专业 150、外部英语 50,8/24，资格者、线上；**待路线确认**,design_review_only
isct,isct_2027_4_2026_9_master,master,2026,9,工学院,情報通信系,,37／00238,8/18 数学 9:30–11:00、短文 11:30–12:30,数学 1 题与通信短文 1 题，均须作答,数学 300、短文 200、外部英语 100,8/24 或 25，资格者；**待路线确认**,design_review_only
isct,isct_2027_4_2026_9_master,master,2026,9,工学院,機械系,,27／00207,8/18 9:30–12:30,材料力学、机械动力学、热力学、流体力学；选答数未载,专业 400、外部英语 100,8/25；**待路线确认**,design_review_only
isct,isct_2027_4_2026_9_master,master,2026,9,工学院,経営工学系,,40–41／00247、00252,8/18 10:00–11:20,数量／数学 1 题；未载选答,专业 200、外部英语 50,8/25；**待路线确认**,design_review_only
isct,isct_2027_4_2026_9_master,master,2026,9,工学院,電気電子系,,33–34／00227、00230,8/18 9:30–12:10,必考数学及电磁学；电路／量子物性基础二选一,数学 300、电磁 300、选答 200、外部英语 150；总分 950 为原文,**同日** 8/18 口述；**待路线确认**,design_review_only
isct,isct_2027_4_2026_9_master,master,2026,9,情報理工学院,情報工学系,b_schedule,52／00288,8/18 9:30–12:00,A／B／C 科目组**各出一题**、共三题；并非学生选三题,专业 900、外部英语 100,8/24，资格者；**已有 B 规则，仅本项可按 B 适用**,design_review_only
isct,isct_2027_4_2026_9_master,master,2026,9,情報理工学院,数理・計算科学系,,50／00280,8/18 9:00–12:30,数学、计算机科学多题中选“数题”；具体数量未载,专业 100、外部英语 20,8/24–25，资格者；**待路线确认**,design_review_only
isct,isct_2027_4_2026_9_master,master,2026,9,物質理工学院,応用化学系,,46／00270,8/18 13:30–14:40、14:55–16:05,两时段各从五科中选 2；细项另见系网页，当前未持有,专业 400、外部英语 100,8/25，线上；**地球生命课程另册缺失**,design_review_only
isct,isct_2027_4_2026_9_master,master,2026,9,物質理工学院,材料系,,42／00256,8/18 9:30–12:00,I 组 7 领域选 2、II 组 6 领域选 2，共答 4,专业 400、外部英语 150,8/24，线上；**待路线确认**,design_review_only
isct,isct_2027_4_2026_9_master,master,2026,9,理学院,化学系,,23／00190,8/18 13:30–16:00,共通 3 领域；另 6 道选答题中选 2,共通 300、选答 400、外部英语 200,8/25；**待路线确认**,design_review_only
isct,isct_2027_4_2026_9_master,master,2026,9,理学院,地球惑星科学系,,25／00197–203,8/18 9:30–12:30,数学 1、物理 2、化学／地球 3；共出 6 选答 3,专业 300、外部英语 75,8/20，笔试考生均参加；**地球生命课程另册缺失**,design_review_only
isct,isct_2027_4_2026_9_master,master,2026,9,理学院,数学系,,19／00150,8/18 9:00–11:30、13:00–15:00；另有英语笔试 15:40–16:40,数学，范围见原文；选答数未载,专业 350；外部英语成绩单**不需要**，英语笔试为必要条件,8/20，资格者；**待路线确认**,design_review_only
isct,isct_2027_4_2026_9_master,master,2026,9,理学院,物理学系,,21／00182,8/18 9:30–11:30、13:30–15:30,力学、电磁学、物理数学、量子、统计、实验；无选答题,专业 300、外部英语 60；成绩单笔试当天提交,8/25；**待路线确认**,design_review_only
isct,isct_2027_4_2026_9_master,master,2026,9,環境・社会理工学院,土木・環境工学系,,63／00315,8/18 基础 10:00–11:30、专业 13:30–15:30,基础微分方程／线代／概率；专业结构／水力／土质／混凝土／规划；选答数未载,专业 400、外部英语 100；不参加 A 者英语成绩单有 7/29 必达的特殊邮寄规则,8/25；**待路线确认**,design_review_only
isct,isct_2027_4_2026_9_master,master,2026,9,環境・社会理工学院,建築学系,,60–61／00309、00312,8/18 共通 10:00–11:30；专门 A 13:30–17:30 或专门 B 13:30–15:30,共通六领域各 2 小题共 12 题全答；专门 A 即日设计**或** B 建筑科目六领域选一，出愿时选定且与志愿导师指定一致,专业 500；英语配分本系表未载,8/25；**专门科目依导师，路线和科目需确认**,design_review_only
isct,isct_2027_4_2026_9_master,master,2026,9,環境・社会理工学院,社会・人間科学系,,70／00330,B **不举行笔试**,书面筛选可能有，后续线上日语口述；不存在笔试科目／时长,英语成绩单出愿时提交；本系表**未载英语评价分值**,8/18 **或** 19；**待路线确认**,design_review_only
isct,isct_2027_4_2026_9_master,master,2026,9,環境・社会理工学院,融合理工学系,,66／00322,8/18 A 题 10:00–11:30、B 题 13:00–14:30,A 在物理／化学生物／短文阅读选 1；B 在数学／数理推理选 1；部分科目再有小题选答,A 100、B 100、外部英语 75,8/25，线上；**待路线确认**,design_review_only
isct,isct_2027_4_2026_9_master,master,2026,9,生命理工学院,生命理工学系,,55／00296,8/18 9:30–11:00,生化／生物／有机／物化各 2 题，共出 8 选答 4,专业 400、外部英语 100,8/24，资格者、线上；**地球生命课程另册缺失**,design_review_only
isct,isct_2027_4_2026_9_master,master,2027,4,工学院,システム制御系,,31／00220,8/18 9:30–11:30,数学：微积分、线代、Fourier/Laplace、微分方程、概率统计；选答数未载,专业 150、外部英语 50,8/24，资格者、线上；**待路线确认**,design_review_only
isct,isct_2027_4_2026_9_master,master,2027,4,工学院,情報通信系,,37／00238,8/18 数学 9:30–11:00、短文 11:30–12:30,数学 1 题与通信短文 1 题，均须作答,数学 300、短文 200、外部英语 100,8/24 或 25，资格者；**待路线确认**,design_review_only
isct,isct_2027_4_2026_9_master,master,2027,4,工学院,機械系,,27／00207,8/18 9:30–12:30,材料力学、机械动力学、热力学、流体力学；选答数未载,专业 400、外部英语 100,8/25；**待路线确认**,design_review_only
isct,isct_2027_4_2026_9_master,master,2027,4,工学院,経営工学系,,40–41／00247、00252,8/18 10:00–11:20,数量／数学 1 题；未载选答,专业 200、外部英语 50,8/25；**待路线确认**,design_review_only
isct,isct_2027_4_2026_9_master,master,2027,4,工学院,電気電子系,,33–34／00227、00230,8/18 9:30–12:10,必考数学及电磁学；电路／量子物性基础二选一,数学 300、电磁 300、选答 200、外部英语 150；总分 950 为原文,**同日** 8/18 口述；**待路线确认**,design_review_only
isct,isct_2027_4_2026_9_master,master,2027,4,情報理工学院,情報工学系,b_schedule,52／00288,8/18 9:30–12:00,A／B／C 科目组**各出一题**、共三题；并非学生选三题,专业 900、外部英语 100,8/24，资格者；**已有 B 规则，仅本项可按 B 适用**,design_review_only
isct,isct_2027_4_2026_9_master,master,2027,4,情報理工学院,数理・計算科学系,,50／00280,8/18 9:00–12:30,数学、计算机科学多题中选“数题”；具体数量未载,专业 100、外部英语 20,8/24–25，资格者；**待路线确认**,design_review_only
isct,isct_2027_4_2026_9_master,master,2027,4,物質理工学院,応用化学系,,46／00270,8/18 13:30–14:40、14:55–16:05,两时段各从五科中选 2；细项另见系网页，当前未持有,专业 400、外部英语 100,8/25，线上；**地球生命课程另册缺失**,design_review_only
isct,isct_2027_4_2026_9_master,master,2027,4,物質理工学院,材料系,,42／00256,8/18 9:30–12:00,I 组 7 领域选 2、II 组 6 领域选 2，共答 4,专业 400、外部英语 150,8/24，线上；**待路线确认**,design_review_only
isct,isct_2027_4_2026_9_master,master,2027,4,理学院,化学系,,23／00190,8/18 13:30–16:00,共通 3 领域；另 6 道选答题中选 2,共通 300、选答 400、外部英语 200,8/25；**待路线确认**,design_review_only
isct,isct_2027_4_2026_9_master,master,2027,4,理学院,地球惑星科学系,,25／00197–203,8/18 9:30–12:30,数学 1、物理 2、化学／地球 3；共出 6 选答 3,专业 300、外部英语 75,8/20，笔试考生均参加；**地球生命课程另册缺失**,design_review_only
isct,isct_2027_4_2026_9_master,master,2027,4,理学院,数学系,,19／00150,8/18 9:00–11:30、13:00–15:00；另有英语笔试 15:40–16:40,数学，范围见原文；选答数未载,专业 350；外部英语成绩单**不需要**，英语笔试为必要条件,8/20，资格者；**待路线确认**,design_review_only
isct,isct_2027_4_2026_9_master,master,2027,4,理学院,物理学系,,21／00182,8/18 9:30–11:30、13:30–15:30,力学、电磁学、物理数学、量子、统计、实验；无选答题,专业 300、外部英语 60；成绩单笔试当天提交,8/25；**待路线确认**,design_review_only
isct,isct_2027_4_2026_9_master,master,2027,4,環境・社会理工学院,土木・環境工学系,,63／00315,8/18 基础 10:00–11:30、专业 13:30–15:30,基础微分方程／线代／概率；专业结构／水力／土质／混凝土／规划；选答数未载,专业 400、外部英语 100；不参加 A 者英语成绩单有 7/29 必达的特殊邮寄规则,8/25；**待路线确认**,design_review_only
isct,isct_2027_4_2026_9_master,master,2027,4,環境・社会理工学院,建築学系,,60–61／00309、00312,8/18 共通 10:00–11:30；专门 A 13:30–17:30 或专门 B 13:30–15:30,共通六领域各 2 小题共 12 题全答；专门 A 即日设计**或** B 建筑科目六领域选一，出愿时选定且与志愿导师指定一致,专业 500；英语配分本系表未载,8/25；**专门科目依导师，路线和科目需确认**,design_review_only
isct,isct_2027_4_2026_9_master,master,2027,4,環境・社会理工学院,社会・人間科学系,,70／00330,B **不举行笔试**,书面筛选可能有，后续线上日语口述；不存在笔试科目／时长,英语成绩单出愿时提交；本系表**未载英语评价分值**,8/18 **或** 19；**待路线确认**,design_review_only
isct,isct_2027_4_2026_9_master,master,2027,4,環境・社会理工学院,融合理工学系,,66／00322,8/18 A 题 10:00–11:30、B 题 13:00–14:30,A 在物理／化学生物／短文阅读选 1；B 在数学／数理推理选 1；部分科目再有小题选答,A 100、B 100、外部英语 75,8/25，线上；**待路线确认**,design_review_only
isct,isct_2027_4_2026_9_master,master,2027,4,生命理工学院,生命理工学系,,55／00296,8/18 9:30–11:00,生化／生物／有机／物化各 2 题，共出 8 选答 4,专业 400、外部英语 100,8/24，资格者、线上；**地球生命课程另册缺失**,design_review_only
